id,first_name,last_name,email,gender
1,Valina,Mapledoore,vmapledoore0@nymag.com,Female
2,Pincus,Cardenas,pcardenas1@networkadvertising.org,Male
3,Itch,Carnie,icarnie2@businesswire.com,Male
4,Randene,Ranscome,rranscome3@arizona.edu,Female
5,Prince,Bernard,pbernard4@ucoz.com,Male
6,Bronson,Kirsz,bkirsz5@jigsy.com,Male
7,Mikaela,McIndoe,mmcindoe6@sciencedaily.com,Female
8,Melody,Crowch,mcrowch7@ocn.ne.jp,Female
9,Yoshiko,Hoff,yhoff8@ifeng.com,Female
10,Garrek,McLarnon,gmclarnon9@spotify.com,Male
11,Tiffanie,Ledekker,tledekkera@gov.uk,Female
12,Joelynn,Leftly,jleftlyb@marketwatch.com,Female
13,Allianora,Yglesia,ayglesiac@ucla.edu,Female
14,Gaelan,Bourdice,gbourdiced@nbcnews.com,Male
15,Sabina,Pettwood,spettwoode@msn.com,Female
16,Cece,Sprade,cspradef@hp.com,Male
17,Upton,Killough,ukilloughg@illinois.edu,Male
18,Rose,Bebbington,rbebbingtonh@oaic.gov.au,Female
19,Coop,Cuttler,ccuttleri@barnesandnoble.com,Male
20,Silvanus,Estable,sestablej@bloglovin.com,Male
21,Derk,Le Conte,dlecontek@merriam-webster.com,Male
22,Dolorita,Allsepp,dallseppl@hud.gov,Female
23,Harley,Ivashin,hivashinm@phoca.cz,Female
24,Matilda,Charsley,mcharsleyn@google.cn,Female
25,Earle,Freire,efreireo@uol.com.br,Male
26,Stephana,Sharpley,ssharpleyp@fema.gov,Female
27,Barbara-anne,Dickerson,bdickersonq@dagondesign.com,Female
28,Lynette,Schneider,lschneiderr@reference.com,Female
29,Sasha,Streeten,sstreetens@berkeley.edu,Male
30,Heriberto,Partner,hpartnert@illinois.edu,Male
31,Fara,Asbrey,fasbreyu@ifeng.com,Female
32,Alvin,Kasper,akasperv@paypal.com,Male
33,Alic,Roskeilly,aroskeillyw@nyu.edu,Male
34,Faun,Coad,fcoadx@opensource.org,Female
35,Grata,Nelthorpe,gnelthorpey@apple.com,Female
36,Roz,Djorvic,rdjorvicz@drupal.org,Female
37,Farand,Baxter,fbaxter10@devhub.com,Female
38,Donaugh,Stroder,dstroder11@imageshack.us,Male
39,Christoffer,McGarry,cmcgarry12@senate.gov,Male
40,Beatrice,Lambe,blambe13@apple.com,Female
41,Yul,Skowcraft,yskowcraft14@cbslocal.com,Male
42,Pia,Sansome,psansome15@patch.com,Female
43,Darla,Mandifield,dmandifield16@msu.edu,Female
44,Kerianne,Shears,kshears17@paginegialle.it,Female
45,Garrett,Wraight,gwraight18@springer.com,Male
46,Christian,Riccard,criccard19@slate.com,Male
47,Ketty,Layman,klayman1a@imdb.com,Female
48,Myrlene,Febry,mfebry1b@stumbleupon.com,Female
49,Sal,Skentelbury,sskentelbury1c@hao123.com,Male
50,Somerset,Ogilby,sogilby1d@hexun.com,Male
51,Joyce,Goathrop,jgoathrop1e@va.gov,Female
52,Calypso,McCallion,cmccallion1f@sohu.com,Female
53,Georgeanna,Burnhard,gburnhard1g@cdbaby.com,Female
54,Hadrian,Seville,hseville1h@about.me,Male
55,Timmy,Bennet,tbennet1i@unc.edu,Female
56,Alexandr,Swiffin,aswiffin1j@nytimes.com,Male
57,Jermayne,Kaveney,jkaveney1k@google.es,Male
58,Gabbi,Guitte,gguitte1l@1und1.de,Female
59,Moishe,Dahmel,mdahmel1m@mit.edu,Male
60,Curtice,McQuorkell,cmcquorkell1n@businessweek.com,Male
61,Liam,Peregrine,lperegrine1o@biglobe.ne.jp,Male
62,Ella,Marte,emarte1p@google.cn,Female
63,Matthus,Banfill,mbanfill1q@theguardian.com,Male
64,Trace,Brightman,tbrightman1r@dion.ne.jp,Male
65,Field,Preddy,fpreddy1s@posterous.com,Male
66,Ricard,Crevy,rcrevy1t@squarespace.com,Male
67,Parnell,Juanico,pjuanico1u@a8.net,Male
68,Dorey,Caramuscia,dcaramuscia1v@statcounter.com,Male
69,Andrea,Varker,avarker1w@homestead.com,Male
70,Fionna,Janisson,fjanisson1x@issuu.com,Female
71,Darill,Sirmond,dsirmond1y@kickstarter.com,Male
72,Lindon,Paraman,lparaman1z@drupal.org,Male
73,Sylas,Salerg,ssalerg20@angelfire.com,Male
74,Gert,Vereker,gvereker21@wunderground.com,Female
75,Charlean,Biggans,cbiggans22@webeden.co.uk,Female
76,Calhoun,Laxson,claxson23@adobe.com,Male
77,Konstance,Ianizzi,kianizzi24@mapy.cz,Female
78,Ruben,Twigley,rtwigley25@theguardian.com,Male
79,Lindsey,Bernhart,lbernhart26@businesswire.com,Female
80,Saundra,Antonik,santonik27@home.pl,Female
81,Jaye,Kurton,jkurton28@rakuten.co.jp,Male
82,Mannie,Crufts,mcrufts29@wikimedia.org,Male
83,Datha,Doorey,ddoorey2a@prweb.com,Female
84,Josselyn,Paule,jpaule2b@drupal.org,Female
85,Madel,Woan,mwoan2c@wordpress.com,Female
86,Amber,Goadbie,agoadbie2d@1688.com,Female
87,Batsheva,Kienl,bkienl2e@sourceforge.net,Female
88,Janenna,Copperwaite,jcopperwaite2f@ca.gov,Female
89,Drucie,Ventom,dventom2g@guardian.co.uk,Female
90,Garrett,Howship,ghowship2h@java.com,Male
91,Renaud,Baldacchi,rbaldacchi2i@sakura.ne.jp,Male
92,Tarrah,Eronie,teronie2j@cloudflare.com,Female
93,Evan,Hallaways,ehallaways2k@narod.ru,Male
94,Haskell,Worboys,hworboys2l@aol.com,Male
95,Sigismundo,Josskovitz,sjosskovitz2m@imageshack.us,Male
96,Izak,Metzke,imetzke2n@ted.com,Male
97,Freedman,Kob,fkob2o@kickstarter.com,Male
98,Lorne,Burkhill,lburkhill2p@is.gd,Male
99,Tina,Hayley,thayley2q@unesco.org,Female
100,Sonya,Wakeley,swakeley2r@loc.gov,Female
101,Gwenni,Parell,gparell2s@unc.edu,Female
102,Marsiella,Alenichicov,malenichicov2t@squarespace.com,Female
103,Jourdan,Drinkale,jdrinkale2u@wikipedia.org,Female
104,Olympia,Lamperti,olamperti2v@macromedia.com,Female
105,Roseann,Folcarelli,rfolcarelli2w@tripod.com,Female
106,Locke,Drache,ldrache2x@redcross.org,Male
107,Manda,Hattersley,mhattersley2y@qq.com,Female
108,Thor,Ratchford,tratchford2z@upenn.edu,Male
109,Agnella,Kleinberer,akleinberer30@nasa.gov,Female
110,Cordy,Sitlinton,csitlinton31@netscape.com,Male
111,Andrej,Greatbank,agreatbank32@e-recht24.de,Male
112,Othilie,Vibert,ovibert33@reference.com,Female
113,Selig,Wenham,swenham34@webs.com,Male
114,Jeanna,Hawford,jhawford35@google.co.uk,Female
115,Kellen,Brauns,kbrauns36@vimeo.com,Female
116,Adlai,Jakubovits,ajakubovits37@businessinsider.com,Male
117,Katee,Cottey,kcottey38@nbcnews.com,Female
118,Zsa zsa,Pomfrett,zpomfrett39@indiegogo.com,Female
119,Sayre,Virgin,svirgin3a@indiegogo.com,Female
120,Hermy,Gall,hgall3b@rakuten.co.jp,Male
121,Sally,Howship,showship3c@guardian.co.uk,Female
122,Huntley,Zincke,hzincke3d@baidu.com,Male
123,Floria,Staveley,fstaveley3e@japanpost.jp,Female
124,Corrie,Duncklee,cduncklee3f@independent.co.uk,Male
125,Sammie,Longshaw,slongshaw3g@a8.net,Male
126,Clarabelle,Shorie,cshorie3h@tinypic.com,Female
127,Devonna,Phelipeaux,dphelipeaux3i@sitemeter.com,Female
128,Lynne,Kassidy,lkassidy3j@cnet.com,Female
129,Dell,Trattles,dtrattles3k@barnesandnoble.com,Male
130,Alick,Over,aover3l@github.com,Male
131,Shell,Solon,ssolon3m@lycos.com,Male
132,Lyndsay,Danaher,ldanaher3n@lycos.com,Female
133,Silvio,Chaff,schaff3o@dedecms.com,Male
134,Hugo,Hallan,hhallan3p@ucsd.edu,Male
135,Cole,Bloy,cbloy3q@parallels.com,Male
136,Ettore,Bonsall,ebonsall3r@home.pl,Male
137,Tam,Counter,tcounter3s@chronoengine.com,Male
138,Harper,Mingey,hmingey3t@stumbleupon.com,Male
139,Fiona,O'Longain,folongain3u@oaic.gov.au,Female
140,Electra,Woodfin,ewoodfin3v@goo.ne.jp,Female
141,Shaun,Brigginshaw,sbrigginshaw3w@loc.gov,Male
142,Cherilyn,Wathan,cwathan3x@boston.com,Female
143,Gillian,Flecknoe,gflecknoe3y@homestead.com,Female
144,Ban,Vlasin,bvlasin3z@seattletimes.com,Male
145,Hanson,Braunston,hbraunston40@cmu.edu,Male
146,Tabbatha,Correa,tcorrea41@yandex.ru,Female
147,Herve,Phlippsen,hphlippsen42@boston.com,Male
148,Ellen,Brawson,ebrawson43@cornell.edu,Female
149,Brandtr,Bortoloni,bbortoloni44@psu.edu,Male
150,Constancia,Spurnier,cspurnier45@artisteer.com,Female
151,Merrel,Lang,mlang46@google.pl,Male
152,Gavrielle,Sellar,gsellar47@cbslocal.com,Female
153,Freddy,Brampton,fbrampton48@mediafire.com,Female
154,Natka,Jordan,njordan49@mashable.com,Female
155,Dennison,Willgrass,dwillgrass4a@abc.net.au,Male
156,Agneta,Gozzett,agozzett4b@purevolume.com,Female
157,Francois,Alway,falway4c@flavors.me,Male
158,Laurens,Rehorek,lrehorek4d@blogtalkradio.com,Male
159,Esme,Parkin,eparkin4e@taobao.com,Male
160,Diego,Thewys,dthewys4f@washingtonpost.com,Male
161,Thain,Shekle,tshekle4g@tiny.cc,Male
162,Moshe,Kohnert,mkohnert4h@vistaprint.com,Male
163,Boothe,Ezzy,bezzy4i@drupal.org,Male
164,Vilma,Aireton,vaireton4j@discovery.com,Female
165,Dyan,Shuxsmith,dshuxsmith4k@mapy.cz,Female
166,Scarface,Headingham,sheadingham4l@ihg.com,Male
167,Ash,Woloschinski,awoloschinski4m@reference.com,Male
168,Evin,Episcopi,eepiscopi4n@live.com,Male
169,Carlie,Doncom,cdoncom4o@youtu.be,Male
170,Ava,Withringten,awithringten4p@bravesites.com,Female
171,Tam,Toman,ttoman4q@about.me,Male
172,Birk,Mitkin,bmitkin4r@squarespace.com,Male
173,Salim,Acton,sacton4s@constantcontact.com,Male
174,Riordan,Springer,rspringer4t@cmu.edu,Male
175,Ripley,Krojn,rkrojn4u@ameblo.jp,Male
176,Rich,Upcott,rupcott4v@i2i.jp,Male
177,Sayre,Bardill,sbardill4w@patch.com,Female
178,Willis,Shellum,wshellum4x@umich.edu,Male
179,Larina,Domoney,ldomoney4y@feedburner.com,Female
180,Sibyl,MacTrustrie,smactrustrie4z@elpais.com,Female
181,Melantha,Godfroy,mgodfroy50@wsj.com,Female
182,Roscoe,Wardhough,rwardhough51@upenn.edu,Male
183,Nickie,Gaveltone,ngaveltone52@mlb.com,Female
184,Kathe,Lythgoe,klythgoe53@de.vu,Female
185,Boonie,Rochester,brochester54@google.com.br,Male
186,Guss,Eplate,geplate55@arstechnica.com,Male
187,Hogan,Witsey,hwitsey56@nps.gov,Male
188,Olenolin,Wanklin,owanklin57@tripod.com,Male
189,Ruthanne,Canet,rcanet58@facebook.com,Female
190,Merrick,Dowling,mdowling59@spiegel.de,Male
191,Paquito,Buck,pbuck5a@reference.com,Male
192,Hermann,Huffa,hhuffa5b@amazon.com,Male
193,Darn,Beggan,dbeggan5c@ow.ly,Male
194,Menard,Normand,mnormand5d@dailymail.co.uk,Male
195,Nels,Amoss,namoss5e@reference.com,Male
196,Lewes,Koles,lkoles5f@arizona.edu,Male
197,Othelia,Wathan,owathan5g@fda.gov,Female
198,Paige,Burton,pburton5h@go.com,Male
199,Pincas,Forrest,pforrest5i@hexun.com,Male
200,Oberon,Boorn,oboorn5j@webnode.com,Male
201,Waldemar,Smaridge,wsmaridge5k@about.com,Male
202,Griffith,Pechell,gpechell5l@feedburner.com,Male
203,Ricard,Wallworth,rwallworth5m@mtv.com,Male
204,Sapphira,Lavis,slavis5n@miibeian.gov.cn,Female
205,Jere,Gaffon,jgaffon5o@miitbeian.gov.cn,Female
206,Sheff,Simonassi,ssimonassi5p@artisteer.com,Male
207,Leelah,Romney,lromney5q@simplemachines.org,Female
208,Kellen,Gogin,kgogin5r@storify.com,Male
209,Marianne,Fifield,mfifield5s@ning.com,Female
210,Gris,Vasyukhichev,gvasyukhichev5t@smugmug.com,Male
211,Nanci,Chesterfield,nchesterfield5u@reddit.com,Female
212,Melony,Martinie,mmartinie5v@baidu.com,Female
213,Arlinda,Behning,abehning5w@comcast.net,Female
214,Brande,Gisbourn,bgisbourn5x@theatlantic.com,Female
215,Brian,Canizares,bcanizares5y@ow.ly,Male
216,Fan,Cairns,fcairns5z@dropbox.com,Female
217,Andie,Van't Hoff,avanthoff60@foxnews.com,Female
218,Happy,Plunket,hplunket61@mozilla.org,Female
219,Bethany,Palmby,bpalmby62@netscape.com,Female
220,Bentley,Nelissen,bnelissen63@cbc.ca,Male
221,Rolland,Leport,rleport64@slideshare.net,Male
222,Emmit,Heymann,eheymann65@over-blog.com,Male
223,Merill,Iremonger,miremonger66@jugem.jp,Male
224,Alfreda,Navarijo,anavarijo67@yolasite.com,Female
225,Maje,Summerton,msummerton68@uol.com.br,Male
226,Margo,Servant,mservant69@yahoo.com,Female
227,Valene,Hamil,vhamil6a@themeforest.net,Female
228,Melinda,Cummine,mcummine6b@t.co,Female
229,Crista,Penniall,cpenniall6c@dmoz.org,Female
230,Keri,Bucktrout,kbucktrout6d@opensource.org,Female
231,Lucilia,Reasun,lreasun6e@uol.com.br,Female
232,Robb,Mosley,rmosley6f@cam.ac.uk,Male
233,Drucy,Loadman,dloadman6g@independent.co.uk,Female
234,Bondie,Haysham,bhaysham6h@unblog.fr,Male
235,Kane,Wellen,kwellen6i@cbslocal.com,Male
236,Salvatore,Childrens,schildrens6j@bloomberg.com,Male
237,Noelle,Hargrove,nhargrove6k@time.com,Female
238,Charmine,Birden,cbirden6l@pagesperso-orange.fr,Female
239,Chelsey,Winfield,cwinfield6m@telegraph.co.uk,Female
240,Roxie,Nixon,rnixon6n@yale.edu,Female
241,Millisent,Wheildon,mwheildon6o@storify.com,Female
242,Glenn,Poon,gpoon6p@last.fm,Male
243,Pierce,Burel,pburel6q@google.pl,Male
244,Arleyne,Sidey,asidey6r@washingtonpost.com,Female
245,Bob,Linning,blinning6s@tinypic.com,Male
246,Valentine,Stribbling,vstribbling6t@privacy.gov.au,Female
247,Guglielmo,Prestland,gprestland6u@ebay.co.uk,Male
248,Justin,Mouse,jmouse6v@seattletimes.com,Male
249,Graig,Hunting,ghunting6w@nifty.com,Male
250,Dollie,Rocca,drocca6x@earthlink.net,Female
251,Rollo,Klimkin,rklimkin6y@liveinternet.ru,Male
252,Kip,Wishart,kwishart6z@alibaba.com,Male
253,Raymund,Levane,rlevane70@nyu.edu,Male
254,Catharine,Crain,ccrain71@biglobe.ne.jp,Female
255,Paolina,Akess,pakess72@tiny.cc,Female
256,Brandtr,Boffin,bboffin73@yahoo.com,Male
257,Susette,McCrudden,smccrudden74@wired.com,Female
258,Romola,Edwardes,redwardes75@360.cn,Female
259,Gael,Truggian,gtruggian76@foxnews.com,Female
260,Idette,McGuane,imcguane77@accuweather.com,Female
261,Almeria,Loeber,aloeber78@loc.gov,Female
262,Orel,Terrazzo,oterrazzo79@sohu.com,Female
263,Jean,Giacomi,jgiacomi7a@hubpages.com,Male
264,Jaye,Garrod,jgarrod7b@addtoany.com,Male
265,Jania,Rizzardi,jrizzardi7c@mac.com,Female
266,Joaquin,Kubalek,jkubalek7d@wikipedia.org,Male
267,Archie,Schwieso,aschwieso7e@purevolume.com,Male
268,Perrine,Allworthy,pallworthy7f@alibaba.com,Female
269,Kanya,Gladbach,kgladbach7g@si.edu,Female
270,Umberto,Smidmoor,usmidmoor7h@github.com,Male
271,Rayna,Yter,ryter7i@time.com,Female
272,Star,Megarry,smegarry7j@columbia.edu,Female
273,Brandon,Croxon,bcroxon7k@timesonline.co.uk,Male
274,Conny,Convery,cconvery7l@buzzfeed.com,Male
275,Livvyy,Jennison,ljennison7m@comcast.net,Female
276,Shelton,Shalloo,sshalloo7n@discuz.net,Male
277,Chalmers,Rotte,crotte7o@amazon.co.jp,Male
278,Jdavie,Raisbeck,jraisbeck7p@wikimedia.org,Male
279,Susan,Vasilic,svasilic7q@skyrock.com,Female
280,Myriam,Stoneley,mstoneley7r@cyberchimps.com,Female
281,Cahra,Provost,cprovost7s@chicagotribune.com,Female
282,Isobel,Quinevan,iquinevan7t@geocities.com,Female
283,Rowe,Filkin,rfilkin7u@pcworld.com,Female
284,Beale,Blowick,bblowick7v@java.com,Male
285,Olympe,Kilmurray,okilmurray7w@is.gd,Female
286,Quinta,Payton,qpayton7x@upenn.edu,Female
287,Zane,Boustred,zboustred7y@studiopress.com,Male
288,Sidonia,Aldgate,saldgate7z@alibaba.com,Female
289,La verne,Greatland,lgreatland80@shareasale.com,Female
290,Olvan,Lundie,olundie81@technorati.com,Male
291,Clare,Marchetti,cmarchetti82@ustream.tv,Male
292,Valeria,Burroughes,vburroughes83@prweb.com,Female
293,Thibaut,Petegrew,tpetegrew84@alexa.com,Male
294,Jermaine,Riste,jriste85@omniture.com,Female
295,Maryellen,Hunting,mhunting86@businessweek.com,Female
296,Alice,Van Cassel,avancassel87@tripadvisor.com,Female
297,Sheila,Mattioni,smattioni88@google.com.hk,Female
298,Ingelbert,Ganter,iganter89@boston.com,Male
299,Lauralee,Aymeric,laymeric8a@nyu.edu,Female
300,Alvin,Heisman,aheisman8b@opensource.org,Male
301,Anthe,Croome,acroome8c@w3.org,Female
302,Jarrett,Coutthart,jcoutthart8d@nifty.com,Male
303,Lenette,Gaffon,lgaffon8e@springer.com,Female
304,Lind,Vedekhin,lvedekhin8f@wisc.edu,Male
305,Dylan,Aish,daish8g@pbs.org,Male
306,Pieter,Totaro,ptotaro8h@trellian.com,Male
307,Donnie,Lammert,dlammert8i@multiply.com,Female
308,Berny,Folk,bfolk8j@hostgator.com,Male
309,Cathleen,Bartell,cbartell8k@google.es,Female
310,Kalinda,Durrington,kdurrington8l@free.fr,Female
311,Berthe,Smaling,bsmaling8m@hud.gov,Female
312,Cati,Seaton,cseaton8n@usgs.gov,Female
313,Marcella,Thraves,mthraves8o@w3.org,Female
314,Lothaire,Gilhouley,lgilhouley8p@vk.com,Male
315,Elvis,Keir,ekeir8q@mapy.cz,Male
316,Cortney,Aronson,caronson8r@indiegogo.com,Female
317,Sim,Langer,slanger8s@yahoo.com,Male
318,Ritchie,Dalli,rdalli8t@squarespace.com,Male
319,Brodie,Masseo,bmasseo8u@plala.or.jp,Male
320,Dominga,Sanja,dsanja8v@ameblo.jp,Female
321,Anallese,Inkles,ainkles8w@auda.org.au,Female
322,Elissa,Rudolfer,erudolfer8x@typepad.com,Female
323,Kristine,Yoakley,kyoakley8y@istockphoto.com,Female
324,Rubia,Trail,rtrail8z@friendfeed.com,Female
325,Chris,Loder,cloder90@webeden.co.uk,Female
326,Tiffany,Ivons,tivons91@tamu.edu,Female
327,Hirsch,Petrasek,hpetrasek92@msn.com,Male
328,Putnam,Spellacey,pspellacey93@rakuten.co.jp,Male
329,Dolph,Hulatt,dhulatt94@bbb.org,Male
330,Sula,Vardy,svardy95@nationalgeographic.com,Female
331,Sonny,McCaughey,smccaughey96@wix.com,Male
332,D'arcy,Thoresby,dthoresby97@drupal.org,Male
333,Robbin,Viegas,rviegas98@alibaba.com,Female
334,Marilyn,Dacres,mdacres99@bloglovin.com,Female
335,Reginauld,Oxtoby,roxtoby9a@gov.uk,Male
336,Karine,Botger,kbotger9b@amazon.de,Female
337,Gregg,Beachamp,gbeachamp9c@ow.ly,Male
338,Freda,Brosius,fbrosius9d@dedecms.com,Female
339,Miltie,Hendrix,mhendrix9e@51.la,Male
340,Jacquie,Willerstone,jwillerstone9f@bigcartel.com,Female
341,Matilde,Mix,mmix9g@ed.gov,Female
342,Krissie,Galloway,kgalloway9h@unesco.org,Female
343,Iorgo,Armit,iarmit9i@feedburner.com,Male
344,Merci,Bossons,mbossons9j@biblegateway.com,Female
345,Darby,Rocca,drocca9k@webeden.co.uk,Female
346,Darren,Adan,dadan9l@columbia.edu,Male
347,Bartholomeo,MacVagh,bmacvagh9m@ibm.com,Male
348,Caz,O'Dee,codee9n@boston.com,Male
349,Austine,Finlayson,afinlayson9o@ocn.ne.jp,Female
350,Mirna,Janway,mjanway9p@state.gov,Female
351,Rudie,Trippack,rtrippack9q@europa.eu,Male
352,Rakel,Apfel,rapfel9r@rambler.ru,Female
353,Padriac,Zannutti,pzannutti9s@sbwire.com,Male
354,Ellery,Smoth,esmoth9t@tinyurl.com,Male
355,Leyla,Odams,lodams9u@theglobeandmail.com,Female
356,Aridatha,Sciacovelli,asciacovelli9v@nyu.edu,Female
357,Ailey,Varsey,avarsey9w@sphinn.com,Female
358,Fonsie,Vidloc,fvidloc9x@com.com,Male
359,Tova,Denny,tdenny9y@bbc.co.uk,Female
360,Theressa,Pawnsford,tpawnsford9z@yellowbook.com,Female
361,Jessalyn,Acklands,jacklandsa0@omniture.com,Female
362,Red,Kubecka,rkubeckaa1@list-manage.com,Male
363,Franni,Bonett,fbonetta2@amazon.de,Female
364,Kingsly,Mingasson,kmingassona3@dailymail.co.uk,Male
365,Bertha,Giacopello,bgiacopelloa4@slate.com,Female
366,Eldredge,Newbatt,enewbatta5@linkedin.com,Male
367,Barrie,Leap,bleapa6@disqus.com,Male
368,Tami,Geraudel,tgeraudela7@hatena.ne.jp,Female
369,Anallise,Hardage,ahardagea8@cornell.edu,Female
370,Vikki,Laboune,vlabounea9@google.co.jp,Female
371,Cecilius,Tetley,ctetleyaa@wix.com,Male
372,Devinne,Campelli,dcampelliab@columbia.edu,Female
373,Allina,Davenall,adavenallac@mit.edu,Female
374,Lewiss,Croome,lcroomead@cbc.ca,Male
375,Tymon,Mixhel,tmixhelae@bandcamp.com,Male
376,Constantino,Cartin,ccartinaf@delicious.com,Male
377,Vinny,Simonassi,vsimonassiag@shinystat.com,Male
378,Lydon,Whittet,lwhittetah@google.de,Male
379,Dalt,Zappel,dzappelai@ibm.com,Male
380,Donni,Enns,dennsaj@bloomberg.com,Female
381,Carrie,Buxam,cbuxamak@jugem.jp,Female
382,Shellie,Munehay,smunehayal@cbslocal.com,Female
383,Elane,Brewer,ebreweram@tiny.cc,Female
384,Rudie,Rickcord,rrickcordan@feedburner.com,Male
385,Web,Brockhouse,wbrockhouseao@usgs.gov,Male
386,Whit,Demschke,wdemschkeap@auda.org.au,Male
387,Kayne,Mullaney,kmullaneyaq@sitemeter.com,Male
388,Monro,Blasio,mblasioar@psu.edu,Male
389,Othello,Ivashinnikov,oivashinnikovas@princeton.edu,Male
390,Reece,Gumm,rgummat@webeden.co.uk,Male
391,Nick,Scintsbury,nscintsburyau@vistaprint.com,Male
392,Briano,Orridge,borridgeav@imgur.com,Male
393,Tab,Farebrother,tfarebrotheraw@narod.ru,Male
394,Darryl,Creswell,dcreswellax@yahoo.com,Male
395,Boyce,Rodge,brodgeay@usnews.com,Male
396,Taddeo,Hum,thumaz@de.vu,Male
397,Nanine,Bayles,nbaylesb0@t-online.de,Female
398,Lavena,Taffurelli,ltaffurellib1@github.com,Female
399,Jeanne,Hugnin,jhugninb2@themeforest.net,Female
400,Sebastian,Turneaux,sturneauxb3@taobao.com,Male
401,Filide,Smoth,fsmothb4@google.ru,Female
402,Jemmy,Stebbings,jstebbingsb5@yolasite.com,Female
403,Brok,Cottrill,bcottrillb6@deliciousdays.com,Male
404,Lezlie,Witherow,lwitherowb7@bbb.org,Female
405,Morgana,Colegrove,mcolegroveb8@youku.com,Female
406,Wilek,Rawnsley,wrawnsleyb9@ihg.com,Male
407,Christian,Sidary,csidaryba@deliciousdays.com,Female
408,Adara,Trevains,atrevainsbb@dion.ne.jp,Female
409,Karlens,Greenard,kgreenardbc@techcrunch.com,Male
410,Peyter,Eicke,peickebd@slideshare.net,Male
411,Brandyn,Churchman,bchurchmanbe@bbc.co.uk,Male
412,Geordie,Donnachie,gdonnachiebf@com.com,Male
413,Franzen,Creddon,fcreddonbg@sbwire.com,Male
414,Padraic,Shurman,pshurmanbh@tmall.com,Male
415,Corissa,Sline,cslinebi@twitter.com,Female
416,Claudian,Blomefield,cblomefieldbj@nih.gov,Male
417,Amabelle,Stranieri,astranieribk@amazon.co.jp,Female
418,Robenia,Seres,rseresbl@sciencedirect.com,Female
419,Kliment,Jeffress,kjeffressbm@jugem.jp,Male
420,Claudette,Scotsbrook,cscotsbrookbn@utexas.edu,Female
421,Joseph,McNelly,jmcnellybo@g.co,Male
422,Shelley,Symcock,ssymcockbp@issuu.com,Male
423,Sheila,Puttick,sputtickbq@apache.org,Female
424,Tommi,Burgisi,tburgisibr@abc.net.au,Female
425,Orton,Thornthwaite,othornthwaitebs@cnet.com,Male
426,Johnnie,Halle,jhallebt@marriott.com,Male
427,Ikey,Naris,inarisbu@prlog.org,Male
428,Sioux,Narracott,snarracottbv@eventbrite.com,Female
429,Anne-marie,Achurch,aachurchbw@deliciousdays.com,Female
430,Richard,Neesham,rneeshambx@eventbrite.com,Male
431,Candice,Petriello,cpetrielloby@weebly.com,Female
432,Bertrando,Zima,bzimabz@sciencedaily.com,Male
433,Flossi,Tingey,ftingeyc0@smh.com.au,Female
434,Darlleen,Driuzzi,ddriuzzic1@europa.eu,Female
435,Merrel,Bottell,mbottellc2@sitemeter.com,Male
436,Kelwin,Zumbusch,kzumbuschc3@msu.edu,Male
437,De witt,Greeson,dgreesonc4@spotify.com,Male
438,Antoni,Brunger,abrungerc5@deliciousdays.com,Male
439,Jandy,Klebes,jklebesc6@wsj.com,Female
440,Patricio,Reyne,preynec7@reference.com,Male
441,Gregory,Dermot,gdermotc8@shinystat.com,Male
442,Erie,Monnery,emonneryc9@cpanel.net,Male
443,Yurik,Ollerearnshaw,yollerearnshawca@disqus.com,Male
444,Briggs,Longfield,blongfieldcb@unesco.org,Male
445,Moira,Canlin,mcanlincc@sakura.ne.jp,Female
446,Patton,Benedek,pbenedekcd@reuters.com,Male
447,Casie,Canning,ccanningce@vistaprint.com,Female
448,Clayson,Keveren,ckeverencf@vinaora.com,Male
449,Had,Charpling,hcharplingcg@unblog.fr,Male
450,Hamnet,Cutler,hcutlerch@shinystat.com,Male
451,Lynnea,Brannon,lbrannonci@360.cn,Female
452,Zuzana,Noddle,znoddlecj@hhs.gov,Female
453,Iormina,Reford,irefordck@twitpic.com,Female
454,Carlina,Loyd,cloydcl@princeton.edu,Female
455,Paloma,Marcroft,pmarcroftcm@networkadvertising.org,Female
456,Vitia,Georgeou,vgeorgeoucn@histats.com,Female
457,Wandis,Stirtle,wstirtleco@istockphoto.com,Female
458,Iseabal,Pirdue,ipirduecp@indiatimes.com,Female
459,Erinn,Mate,ematecq@mozilla.com,Female
460,Boothe,Guarnier,bguarniercr@facebook.com,Male
461,Lon,Hollyard,lhollyardcs@mail.ru,Male
462,Agata,Swidenbank,aswidenbankct@rediff.com,Female
463,Gilberte,Hallahan,ghallahancu@latimes.com,Female
464,Marnia,Bispham,mbisphamcv@mapquest.com,Female
465,Benjamen,Crees,bcreescw@joomla.org,Male
466,Sasha,Lindeman,slindemancx@flickr.com,Male
467,Georgianne,Anniwell,ganniwellcy@sitemeter.com,Female
468,Olenolin,Carillo,ocarillocz@cyberchimps.com,Male
469,Halimeda,Pitchers,hpitchersd0@state.gov,Female
470,Olimpia,Biddiss,obiddissd1@php.net,Female
471,Berne,Wickens,bwickensd2@redcross.org,Male
472,Hebert,Collar,hcollard3@surveymonkey.com,Male
473,Michel,Corzon,mcorzond4@japanpost.jp,Male
474,Wit,MacMichael,wmacmichaeld5@technorati.com,Male
475,Walker,Khadir,wkhadird6@tamu.edu,Male
476,Ely,Niemetz,eniemetzd7@tinyurl.com,Male
477,Rurik,Burehill,rburehilld8@networksolutions.com,Male
478,Vinnie,Parell,vparelld9@auda.org.au,Female
479,Eustace,Pedrollo,epedrolloda@marriott.com,Male
480,Tad,Meach,tmeachdb@telegraph.co.uk,Male
481,Melvyn,Sare,msaredc@home.pl,Male
482,Ody,Anthonsen,oanthonsendd@jigsy.com,Male
483,Jacquetta,Beavors,jbeavorsde@nasa.gov,Female
484,Fanchon,Meco,fmecodf@usda.gov,Female
485,Euell,Frantzen,efrantzendg@shinystat.com,Male
486,Ado,Dedden,adeddendh@mysql.com,Male
487,Rodd,Prout,rproutdi@fda.gov,Male
488,Madlin,De La Coste,mdelacostedj@smh.com.au,Female
489,Jeanine,Trippitt,jtrippittdk@prweb.com,Female
490,Dukie,Littlemore,dlittlemoredl@goo.gl,Male
491,Gard,Tire,gtiredm@marriott.com,Male
492,Ida,Dellit,idellitdn@kickstarter.com,Female
493,Mata,Mancktelow,mmancktelowdo@github.com,Male
494,Tore,Itzig,titzigdp@vinaora.com,Male
495,Gertrud,Witchalls,gwitchallsdq@xinhuanet.com,Female
496,Werner,Naptin,wnaptindr@eventbrite.com,Male
497,Gordan,Ardron,gardronds@geocities.com,Male
498,Arlen,Strelitzer,astrelitzerdt@engadget.com,Female
499,Jim,Choudhury,jchoudhurydu@is.gd,Male
500,Caye,Rosser,crosserdv@sciencedirect.com,Female
501,Frasquito,Milburn,fmilburndw@tuttocitta.it,Male
502,Siusan,Bullingham,sbullinghamdx@jimdo.com,Female
503,Cameron,Swadden,cswaddendy@tinypic.com,Male
504,Emyle,Rymill,erymilldz@amazon.co.jp,Female
505,Giraud,O'Griffin,gogriffine0@unc.edu,Male
506,Madge,Kitcher,mkitchere1@mozilla.com,Female
507,Delinda,Doxey,ddoxeye2@instagram.com,Female
508,Ivett,McKeller,imckellere3@arstechnica.com,Female
509,Arney,Fend,afende4@marriott.com,Male
510,Florian,Bawcock,fbawcocke5@amazon.de,Male
511,Heida,Wilde,hwildee6@google.pl,Female
512,Cece,Bunworth,cbunworthe7@1688.com,Male
513,Oby,Senescall,osenescalle8@ifeng.com,Male
514,Sindee,Waggatt,swaggatte9@wunderground.com,Female
515,Libby,Ginger,lgingerea@rakuten.co.jp,Female
516,Merrick,Riditch,mriditcheb@elpais.com,Male
517,Aurilia,Juris,ajurisec@seattletimes.com,Female
518,Eldin,Somes,esomesed@zimbio.com,Male
519,Chery,Micheau,cmicheauee@usatoday.com,Female
520,Herschel,Kinleyside,hkinleysideef@goo.ne.jp,Male
521,Emylee,Suarez,esuarezeg@answers.com,Female
522,Ellwood,Gleed,egleedeh@nymag.com,Male
523,Pattin,Arington,paringtonei@engadget.com,Male
524,Petr,Ayers,payersej@dmoz.org,Male
525,Timothea,McGovern,tmcgovernek@amazon.com,Female
526,Leticia,Dyas,ldyasel@qq.com,Female
527,Chiarra,Parsand,cparsandem@illinois.edu,Female
528,Hieronymus,Baden,hbadenen@furl.net,Male
529,Jase,Folkerts,jfolkertseo@123-reg.co.uk,Male
530,Vance,Tibbles,vtibblesep@ycombinator.com,Male
531,Krystle,Manns,kmannseq@elpais.com,Female
532,Glenna,Charpling,gcharplinger@zimbio.com,Female
533,Dominic,Gayle,dgaylees@imageshack.us,Male
534,Rae,Kiddy,rkiddyet@mozilla.org,Female
535,Filippa,Simnel,fsimneleu@xing.com,Female
536,Curcio,Cloke,cclokeev@wikipedia.org,Male
537,Arv,Pinwill,apinwillew@soup.io,Male
538,Lind,Twell,ltwellex@timesonline.co.uk,Male
539,Betteann,Halls,bhallsey@zimbio.com,Female
540,Talia,Whipple,twhippleez@latimes.com,Female
541,Walton,Campion,wcampionf0@japanpost.jp,Male
542,Bobbie,Gelder,bgelderf1@seattletimes.com,Male
543,Tremayne,Currington,tcurringtonf2@rambler.ru,Male
544,Keri,Cockings,kcockingsf3@jimdo.com,Female
545,Liz,Gonnelly,lgonnellyf4@plala.or.jp,Female
546,Jody,Watford,jwatfordf5@sciencedirect.com,Female
547,Gothart,Navarro,gnavarrof6@harvard.edu,Male
548,Pauletta,Winckles,pwincklesf7@nhs.uk,Female
549,Lucille,Lidgate,llidgatef8@ow.ly,Female
550,Iver,Gymlett,igymlettf9@java.com,Male
551,Kelcy,Davsley,kdavsleyfa@photobucket.com,Female
552,Loralie,Haggerston,lhaggerstonfb@walmart.com,Female
553,Sigfrid,Wogdon,swogdonfc@samsung.com,Male
554,Marin,Robelet,mrobeletfd@vk.com,Female
555,Bjorn,Ringrose,bringrosefe@gov.uk,Male
556,Gunner,Buntain,gbuntainff@skyrock.com,Male
557,Eldin,Larway,elarwayfg@tmall.com,Male
558,Joya,Sheen,jsheenfh@scribd.com,Female
559,Paulita,Ferrieri,pferrierifi@networkadvertising.org,Female
560,Bald,Dimelow,bdimelowfj@nydailynews.com,Male
561,Brietta,Ellams,bellamsfk@webs.com,Female
562,Vinny,Bettenson,vbettensonfl@hubpages.com,Male
563,Malinda,Halms,mhalmsfm@ted.com,Female
564,Berty,Carnalan,bcarnalanfn@tripadvisor.com,Male
565,Delilah,Halpen,dhalpenfo@lulu.com,Female
566,Madella,Georg,mgeorgfp@nih.gov,Female
567,Tomas,Pitherick,tpitherickfq@odnoklassniki.ru,Male
568,Bink,Dyball,bdyballfr@amazon.de,Male
569,Ichabod,McCullough,imcculloughfs@soundcloud.com,Male
570,Indira,Purver,ipurverft@reuters.com,Female
571,Sue,Samsin,ssamsinfu@linkedin.com,Female
572,Tildi,McLise,tmclisefv@bing.com,Female
573,Andi,Prisley,aprisleyfw@google.ru,Female
574,Ashla,Tomasi,atomasifx@nationalgeographic.com,Female
575,Jemie,Baroche,jbarochefy@prnewswire.com,Female
576,Bea,Gothrup,bgothrupfz@tamu.edu,Female
577,Riley,Kimmerling,rkimmerlingg0@umn.edu,Male
578,Elwyn,Sargood,esargoodg1@weebly.com,Male
579,Christan,Luscombe,cluscombeg2@biblegateway.com,Female
580,Bradan,Reeve,breeveg3@furl.net,Male
581,Torrey,Lundy,tlundyg4@acquirethisname.com,Male
582,Beatrisa,Krzyzanowski,bkrzyzanowskig5@illinois.edu,Female
583,Felike,Griggs,fgriggsg6@unesco.org,Male
584,Dillie,Heinsius,dheinsiusg7@360.cn,Male
585,Dolli,Merrison,dmerrisong8@ameblo.jp,Female
586,Millie,Kenefick,mkenefickg9@ehow.com,Female
587,Johna,Lyles,jlylesga@prnewswire.com,Female
588,Shelton,Fortnum,sfortnumgb@exblog.jp,Male
589,Ree,Ege,regegc@businessweek.com,Female
590,Faythe,Loffel,floffelgd@discovery.com,Female
591,Cari,Smittoune,csmittounege@1688.com,Female
592,Merrick,Krink,mkrinkgf@hibu.com,Male
593,Joanie,Jess,jjessgg@apple.com,Female
594,Bibbye,Izaac,bizaacgh@storify.com,Female
595,Allard,Pedri,apedrigi@delicious.com,Male
596,Tommie,Massy,tmassygj@dell.com,Male
597,Mayne,Jenkinson,mjenkinsongk@biblegateway.com,Male
598,Drusie,Prestney,dprestneygl@va.gov,Female
599,Andy,Eggle,aegglegm@youtube.com,Male
600,Jenifer,Drewitt,jdrewittgn@nba.com,Female
601,Kristos,Waterson,kwatersongo@youtube.com,Male
602,Flossie,Sclanders,fsclandersgp@alexa.com,Female
603,Barret,O'Hoolahan,bohoolahangq@youtu.be,Male
604,Robbie,Carnihan,rcarnihangr@nydailynews.com,Male
605,Mireille,De Maria,mdemariags@goodreads.com,Female
606,Norris,Guerri,nguerrigt@alexa.com,Male
607,Karney,Franklyn,kfranklyngu@gov.uk,Male
608,Danny,Agneau,dagneaugv@walmart.com,Female
609,Tammi,Myring,tmyringgw@patch.com,Female
610,Helen-elizabeth,Crosser,hcrossergx@businessinsider.com,Female
611,Kalila,Maly,kmalygy@people.com.cn,Female
612,Ossie,Colthard,ocolthardgz@theguardian.com,Male
613,Whitney,Loughran,wloughranh0@eepurl.com,Male
614,Torry,Nazair,tnazairh1@vimeo.com,Male
615,Nelie,Bermingham,nberminghamh2@rakuten.co.jp,Female
616,Prinz,Crudge,pcrudgeh3@symantec.com,Male
617,Shell,Henrot,shenroth4@desdev.cn,Male
618,Zacharia,Else,zelseh5@china.com.cn,Male
619,Agnesse,Atter,aatterh6@google.com,Female
620,Sigfrid,Figger,sfiggerh7@springer.com,Male
621,Tanhya,Musker,tmuskerh8@salon.com,Female
622,Clevey,Shilston,cshilstonh9@purevolume.com,Male
623,Esmeralda,Leades,eleadesha@shareasale.com,Female
624,Merle,Le Breton De La Vieuville,mlebretondelavieuvillehb@soundcloud.com,Male
625,Batsheva,Dowdney,bdowdneyhc@smugmug.com,Female
626,Zoe,Toolan,ztoolanhd@nsw.gov.au,Female
627,Gustavus,Brayley,gbrayleyhe@discovery.com,Male
628,Bron,Oosthout de Vree,boosthoutdevreehf@dagondesign.com,Male
629,Jarrod,Willgoss,jwillgosshg@ibm.com,Male
630,Colline,Lewsie,clewsiehh@tripadvisor.com,Female
631,Billie,Castillon,bcastillonhi@cnet.com,Male
632,Roxanne,Jinkin,rjinkinhj@elpais.com,Female
633,Cammie,Scowcraft,cscowcrafthk@buzzfeed.com,Female
634,Lev,Duddan,lduddanhl@china.com.cn,Male
635,Brigida,Curr,bcurrhm@twitpic.com,Female
636,Farlee,Hulland,fhullandhn@goo.gl,Male
637,Isidore,Cubbini,icubbiniho@mysql.com,Male
638,Susanetta,Stubbings,sstubbingshp@wikipedia.org,Female
639,Jacquetta,Earles,jearleshq@cafepress.com,Female
640,Lucine,Ganiclef,lganiclefhr@wikispaces.com,Female
641,Diann,Jolley,djolleyhs@forbes.com,Female
642,Lisle,Slatcher,lslatcherht@loc.gov,Male
643,Merrili,Boulter,mboulterhu@japanpost.jp,Female
644,Andi,Pes,apeshv@pbs.org,Female
645,Cleon,Mainstone,cmainstonehw@ftc.gov,Male
646,Marice,Smitton,msmittonhx@unesco.org,Female
647,Rosalyn,Braiden,rbraidenhy@chronoengine.com,Female
648,Val,Barstowk,vbarstowkhz@amazon.co.jp,Female
649,Lydon,Spowage,lspowagei0@jigsy.com,Male
650,Coleman,Harlock,charlocki1@desdev.cn,Male
651,Dyanne,Sweeting,dsweetingi2@cyberchimps.com,Female
652,Pyotr,Salters,psaltersi3@mozilla.org,Male
653,Ninetta,Emms,nemmsi4@biblegateway.com,Female
654,Killian,Siebert,ksieberti5@fc2.com,Male
655,Shurwood,Lettson,slettsoni6@aol.com,Male
656,Janie,Burberow,jburberowi7@youku.com,Female
657,Franni,Durrance,fdurrancei8@networkadvertising.org,Female
658,Sheree,Dyka,sdykai9@yale.edu,Female
659,Joelle,Durie,jdurieia@howstuffworks.com,Female
660,Son,Jarvie,sjarvieib@i2i.jp,Male
661,Collin,Iacabucci,ciacabucciic@ihg.com,Male
662,Hobard,Pollastrino,hpollastrinoid@sohu.com,Male
663,Judon,Grigs,jgrigsie@hp.com,Male
664,Sebastien,Fedoronko,sfedoronkoif@bluehost.com,Male
665,Gay,Sivewright,gsivewrightig@list-manage.com,Female
666,Arielle,Butt Gow,abuttgowih@gov.uk,Female
667,Brooke,Govan,bgovanii@blinklist.com,Male
668,Doe,Burnitt,dburnittij@shinystat.com,Female
669,Hoebart,Doig,hdoigik@blogtalkradio.com,Male
670,See,Brownsett,sbrownsettil@patch.com,Male
671,Alvinia,Taudevin,ataudevinim@issuu.com,Female
672,Madel,Meadmore,mmeadmorein@aol.com,Female
673,Noell,Jemmett,njemmettio@nyu.edu,Female
674,Iolande,Wiszniewski,iwiszniewskiip@nyu.edu,Female
675,Clarine,Danat,cdanatiq@discovery.com,Female
676,Angelia,Lassey,alasseyir@tuttocitta.it,Female
677,Shirleen,Seaton,sseatonis@craigslist.org,Female
678,Tome,Lohmeyer,tlohmeyerit@amazonaws.com,Male
679,Rey,McBeath,rmcbeathiu@prnewswire.com,Male
680,Graehme,Sievewright,gsievewrightiv@creativecommons.org,Male
681,Erica,Oulett,eoulettiw@usatoday.com,Female
682,Rowen,Standidge,rstandidgeix@example.com,Male
683,Petr,Pedro,ppedroiy@cocolog-nifty.com,Male
684,Onfroi,MacGowing,omacgowingiz@google.es,Male
685,Zolly,Skill,zskillj0@taobao.com,Male
686,Kelley,Tresise,ktresisej1@ezinearticles.com,Female
687,Jennette,Carous,jcarousj2@gizmodo.com,Female
688,Marj,Jurisic,mjurisicj3@examiner.com,Female
689,Frannie,Durbin,fdurbinj4@statcounter.com,Male
690,Prentice,Millin,pmillinj5@multiply.com,Male
691,Kermie,Tumbelty,ktumbeltyj6@blinklist.com,Male
692,Noemi,Emps,nempsj7@nbcnews.com,Female
693,Shelby,Hollyer,shollyerj8@hc360.com,Male
694,Sonnie,Clementet,sclementetj9@studiopress.com,Male
695,Clyve,Baroch,cbarochja@ustream.tv,Male
696,Fredrick,Mawd,fmawdjb@4shared.com,Male
697,Hollyanne,Girling,hgirlingjc@blogs.com,Female
698,Ulrick,Ducket,uducketjd@networkadvertising.org,Male
699,Warner,Gerkens,wgerkensje@bluehost.com,Male
700,Kirby,Nelson,knelsonjf@jimdo.com,Female
701,Karil,Bartleman,kbartlemanjg@oracle.com,Female
702,Pavlov,McRamsey,pmcramseyjh@dot.gov,Male
703,Mal,Marusik,mmarusikji@geocities.jp,Male
704,Jasen,Tight,jtightjj@naver.com,Male
705,Cathleen,Wildt,cwildtjk@surveymonkey.com,Female
706,Truda,Nacey,tnaceyjl@marketwatch.com,Female
707,Cordell,Jansey,cjanseyjm@bandcamp.com,Male
708,Eba,Louca,eloucajn@goodreads.com,Female
709,Tine,Rivelin,trivelinjo@last.fm,Female
710,Lorri,MacTavish,lmactavishjp@home.pl,Female
711,Simmonds,Grute,sgrutejq@github.io,Male
712,Chickie,Simionato,csimionatojr@soup.io,Male
713,Killian,Sagg,ksaggjs@cmu.edu,Male
714,Maris,Vauter,mvauterjt@ed.gov,Female
715,Crissy,Haddick,chaddickju@wordpress.com,Female
716,Billy,Cortese,bcortesejv@state.tx.us,Male
717,Shea,Windibank,swindibankjw@altervista.org,Male
718,Alfi,Binny,abinnyjx@exblog.jp,Female
719,Lotte,McJarrow,lmcjarrowjy@thetimes.co.uk,Female
720,Augustin,Risebrow,arisebrowjz@1688.com,Male
721,Townie,Bodicum,tbodicumk0@ebay.co.uk,Male
722,Ricki,Lumm,rlummk1@techcrunch.com,Female
723,Barnard,Balassa,bbalassak2@blogs.com,Male
724,Hercule,Rhead,hrheadk3@artisteer.com,Male
725,Vern,Soans,vsoansk4@sciencedirect.com,Male
726,Janet,Tommaseo,jtommaseok5@flickr.com,Female
727,Lynette,Vinas,lvinask6@about.com,Female
728,Elisabetta,Smythin,esmythink7@nhs.uk,Female
729,Ivor,Quirk,iquirkk8@soundcloud.com,Male
730,Korrie,St. Quentin,kstquentink9@digg.com,Female
731,Nathaniel,Tournie,ntournieka@com.com,Male
732,Pauline,Lymbourne,plymbournekb@creativecommons.org,Female
733,Tomkin,Forman,tformankc@ycombinator.com,Male
734,Ave,Adenot,aadenotkd@1und1.de,Male
735,Sarina,Whiting,swhitingke@businessweek.com,Female
736,Marya,Ivankin,mivankinkf@theatlantic.com,Female
737,Lizzie,Sagrott,lsagrottkg@vinaora.com,Female
738,Ferrell,Bedding,fbeddingkh@arstechnica.com,Male
739,Itch,Vanyutin,ivanyutinki@cbsnews.com,Male
740,Kissie,Bartosek,kbartosekkj@sciencedaily.com,Female
741,Shanda,Pool,spoolkk@wiley.com,Female
742,Verina,Bools,vboolskl@unicef.org,Female
743,Cody,Kettlestringes,ckettlestringeskm@usgs.gov,Male
744,Arlin,Duckerin,aduckerinkn@samsung.com,Male
745,Sherye,Seviour,sseviourko@noaa.gov,Female
746,Inglebert,Yuryichev,iyuryichevkp@multiply.com,Male
747,Reid,Broker,rbrokerkq@adobe.com,Male
748,Xenos,Beneze,xbenezekr@army.mil,Male
749,Haven,Roizin,hroizinks@stanford.edu,Male
750,Bard,Bigadike,bbigadikekt@privacy.gov.au,Male
751,Cesar,Penrose,cpenroseku@lulu.com,Male
752,Evelin,Carding,ecardingkv@arizona.edu,Male
753,Querida,Blumson,qblumsonkw@ibm.com,Female
754,Nonie,Mealand,nmealandkx@nydailynews.com,Female
755,Aluino,Denyukin,adenyukinky@discovery.com,Male
756,Ardyce,Bodycombe,abodycombekz@intel.com,Female
757,Jillayne,McCowan,jmccowanl0@jigsy.com,Female
758,Sydney,Peart,speartl1@gmpg.org,Male
759,Nikolaus,Moggle,nmogglel2@github.com,Male
760,Merlina,Batho,mbathol3@reddit.com,Female
761,Sax,Swainger,sswaingerl4@biglobe.ne.jp,Male
762,Haily,Pendell,hpendelll5@guardian.co.uk,Female
763,Yevette,Probyn,yprobynl6@a8.net,Female
764,Pauli,Drynan,pdrynanl7@sogou.com,Female
765,Stanislas,Whitehair,swhitehairl8@bbc.co.uk,Male
766,Arline,Gadie,agadiel9@comsenz.com,Female
767,Ryon,Fishley,rfishleyla@hhs.gov,Male
768,Jaynell,Hicks,jhickslb@google.cn,Female
769,Kristin,Denge,kdengelc@123-reg.co.uk,Female
770,Irina,Fletcher,ifletcherld@delicious.com,Female
771,Matt,Aspinwall,maspinwallle@forbes.com,Male
772,Bessie,Frankham,bfrankhamlf@themeforest.net,Female
773,Jessa,Sture,jsturelg@tinyurl.com,Female
774,Sonnie,Tarply,starplylh@desdev.cn,Male
775,Enoch,Wakerley,ewakerleyli@wired.com,Male
776,Clarisse,Keys,ckeyslj@google.com.hk,Female
777,Bartholomeus,Terrell,bterrelllk@yellowbook.com,Male
778,Taite,Devey,tdeveyll@bing.com,Male
779,Shanie,Duester,sduesterlm@rambler.ru,Female
780,Dinah,Dutt,dduttln@is.gd,Female
781,Ansell,Russ,arusslo@oracle.com,Male
782,Ritchie,Brundill,rbrundilllp@posterous.com,Male
783,Kyle,Maffioletti,kmaffiolettilq@mlb.com,Male
784,Jammal,Phillpot,jphillpotlr@sitemeter.com,Male
785,Olin,Devericks,odevericksls@wufoo.com,Male
786,Reta,Fearns,rfearnslt@mit.edu,Female
787,Bill,Pydcock,bpydcocklu@huffingtonpost.com,Female
788,Lorin,Lyon,llyonlv@bloglines.com,Male
789,Myrilla,Bowyer,mbowyerlw@hp.com,Female
790,Danielle,Itzhak,ditzhaklx@admin.ch,Female
791,Lonnie,Leece,lleecely@blogspot.com,Male
792,Andrea,Carpmile,acarpmilelz@cnbc.com,Male
793,Gilles,Boyer,gboyerm0@harvard.edu,Male
794,Veriee,Esche,veschem1@answers.com,Female
795,Thaine,Beushaw,tbeushawm2@loc.gov,Male
796,Christoffer,Rontsch,crontschm3@mapy.cz,Male
797,Bennett,Weakley,bweakleym4@bloglovin.com,Male
798,Madelaine,Fer,mferm5@forbes.com,Female
799,Maridel,Toppes,mtoppesm6@amazon.com,Female
800,Collie,Dukes,cdukesm7@barnesandnoble.com,Female
801,Stafani,Wase,swasem8@admin.ch,Female
802,Isabeau,Probate,iprobatem9@php.net,Female
803,Ivor,Robert,irobertma@godaddy.com,Male
804,Merell,Buncom,mbuncommb@engadget.com,Male
805,Evelyn,Gutowski,egutowskimc@ycombinator.com,Male
806,Tawnya,Pawley,tpawleymd@mit.edu,Female
807,Gabey,Zanetto,gzanettome@seattletimes.com,Female
808,Angelo,Cumbers,acumbersmf@yelp.com,Male
809,Willie,Lifsey,wlifseymg@posterous.com,Female
810,Gusella,Lakenton,glakentonmh@posterous.com,Female
811,Rosalind,Aust,raustmi@skyrock.com,Female
812,Jimmy,Parry,jparrymj@nasa.gov,Male
813,Waly,Rubinlicht,wrubinlichtmk@youtu.be,Female
814,Jedediah,Goodrick,jgoodrickml@instagram.com,Male
815,Christian,Egle,ceglemm@xrea.com,Male
816,Florian,Hickeringill,fhickeringillmn@booking.com,Male
817,Nathanil,Dressel,ndresselmo@amazon.co.uk,Male
818,Donaugh,Drivers,ddriversmp@nymag.com,Male
819,Ladonna,Fretson,lfretsonmq@usatoday.com,Female
820,Eleanore,Teml,etemlmr@ftc.gov,Female
821,Hamel,Ellcock,hellcockms@cafepress.com,Male
822,Camilla,Code,ccodemt@weather.com,Female
823,Valene,Moxley,vmoxleymu@wufoo.com,Female
824,Dov,Friberg,dfribergmv@nyu.edu,Male
825,Palm,Bedingfield,pbedingfieldmw@youku.com,Male
826,Thorstein,Romanin,tromaninmx@ow.ly,Male
827,Salvidor,Pakeman,spakemanmy@who.int,Male
828,Hulda,Crutchfield,hcrutchfieldmz@sogou.com,Female
829,Armando,Repp,areppn0@go.com,Male
830,Boyce,Olerenshaw,bolerenshawn1@foxnews.com,Male
831,Daffie,Syncke,dsyncken2@princeton.edu,Female
832,Ferd,Horstead,fhorsteadn3@fotki.com,Male
833,Jayme,Macknish,jmacknishn4@zimbio.com,Female
834,Lennard,Isoldi,lisoldin5@sina.com.cn,Male
835,Lonna,Nelsen,lnelsenn6@51.la,Female
836,Casie,Dimitrie,cdimitrien7@stumbleupon.com,Female
837,Pancho,Alderwick,palderwickn8@wordpress.com,Male
838,Zitella,Chevolleau,zchevolleaun9@imdb.com,Female
839,Boot,Bagot,bbagotna@fema.gov,Male
840,Sylvan,Molyneux,smolyneuxnb@artisteer.com,Male
841,Berget,Mound,bmoundnc@marriott.com,Female
842,Godard,Tarquini,gtarquinind@state.tx.us,Male
843,Maia,Coll,mcollne@amazonaws.com,Female
844,Farica,Memmory,fmemmorynf@wsj.com,Female
845,Beatrice,Marioneau,bmarioneaung@nature.com,Female
846,Valentine,Garman,vgarmannh@narod.ru,Male
847,Reid,Spafford,rspaffordni@sciencedirect.com,Male
848,Ailina,McCarlich,amccarlichnj@whitehouse.gov,Female
849,Florry,Straffon,fstraffonnk@yolasite.com,Female
850,Sybil,Borthe,sborthenl@google.com.hk,Female
851,Rafe,Alderwick,ralderwicknm@soundcloud.com,Male
852,Susannah,Woodhouse,swoodhousenn@huffingtonpost.com,Female
853,Hazel,Longhorne,hlonghorneno@dagondesign.com,Male
854,Rubi,Alliban,rallibannp@harvard.edu,Female
855,Merrill,Ben,mbennq@chron.com,Female
856,Juliet,Blackaller,jblackallernr@goo.ne.jp,Female
857,Anderson,Raggett,araggettns@about.com,Male
858,Angelina,Baitman,abaitmannt@shareasale.com,Female
859,Fremont,MacCafferky,fmaccafferkynu@amazon.com,Male
860,Bartram,Morigan,bmorigannv@yelp.com,Male
861,Cacilia,Dalloway,cdallowaynw@seattletimes.com,Female
862,Rhys,Ghione,rghionenx@cdc.gov,Male
863,Ede,Vanichkin,evanichkinny@bravesites.com,Female
864,Melodee,Jorgesen,mjorgesennz@si.edu,Female
865,Chelsie,Heersema,cheersemao0@sphinn.com,Female
866,Ruggiero,Haydney,rhaydneyo1@meetup.com,Male
867,Ruttger,Elsbury,relsburyo2@ycombinator.com,Male
868,Jacobo,Blaxland,jblaxlando3@reverbnation.com,Male
869,Kalil,Latty,klattyo4@technorati.com,Male
870,Anthiathia,Ferdinand,aferdinando5@jugem.jp,Female
871,Amalie,Paramor,aparamoro6@rambler.ru,Female
872,Ada,Angel,aangelo7@de.vu,Female
873,Der,Whitnall,dwhitnallo8@reverbnation.com,Male
874,Ellen,Markey,emarkeyo9@yandex.ru,Female
875,Alexi,Lauchlan,alauchlanoa@wikispaces.com,Female
876,Wally,Giocannoni,wgiocannoniob@prlog.org,Male
877,Mickie,Tredget,mtredgetoc@studiopress.com,Female
878,Umeko,Righy,urighyod@ca.gov,Female
879,Alvina,Empleton,aempletonoe@amazon.co.jp,Female
880,Nehemiah,Belsher,nbelsherof@hud.gov,Male
881,Huntley,Gerrets,hgerretsog@ted.com,Male
882,Savina,Inglese,singleseoh@msn.com,Female
883,Augustus,Badby,abadbyoi@nba.com,Male
884,Tonia,Phil,tphiloj@pinterest.com,Female
885,Leontine,Batha,lbathaok@wordpress.org,Female
886,Iago,Minter,iminterol@de.vu,Male
887,Buddy,Fidock,bfidockom@ucla.edu,Male
888,Devan,Blincko,dblinckoon@plala.or.jp,Female
889,Niven,Dearsley,ndearsleyoo@amazon.de,Male
890,Leonerd,Ferdinand,lferdinandop@ted.com,Male
891,Huntington,Bolle,hbolleoq@statcounter.com,Male
892,Merwyn,Geeraert,mgeeraertor@nyu.edu,Male
893,Reyna,Berdale,rberdaleos@is.gd,Female
894,Minerva,Hussy,mhussyot@deviantart.com,Female
895,Byrann,Kirckman,bkirckmanou@xing.com,Male
896,Charo,Simeonov,csimeonovov@nba.com,Female
897,Malanie,Boydell,mboydellow@goo.ne.jp,Female
898,Otes,Spofford,ospoffordox@boston.com,Male
899,Serge,Couvet,scouvetoy@dmoz.org,Male
900,Rosene,Sinnat,rsinnatoz@liveinternet.ru,Female
901,Odey,Bucktharp,obucktharpp0@storify.com,Male
902,Tamra,Taillant,ttaillantp1@paginegialle.it,Female
903,Tamar,Cicerone,tciceronep2@creativecommons.org,Female
904,Francisco,Comettoi,fcomettoip3@sogou.com,Male
905,Loree,Laister,llaisterp4@un.org,Female
906,Shandeigh,Keese,skeesep5@goodreads.com,Female
907,Bryana,Jakeman,bjakemanp6@cpanel.net,Female
908,Bill,Watkiss,bwatkissp7@over-blog.com,Male
909,Erika,Roz,erozp8@mapquest.com,Female
910,Karia,Kilbourne,kkilbournep9@alexa.com,Female
911,Emlen,Cureton,ecuretonpa@sourceforge.net,Male
912,Dee dee,Guislin,dguislinpb@theatlantic.com,Female
913,Danyette,Gwynne,dgwynnepc@fastcompany.com,Female
914,Sibyl,Mayger,smaygerpd@utexas.edu,Female
915,Melvyn,Lindstrom,mlindstrompe@ezinearticles.com,Male
916,Sondra,Thomason,sthomasonpf@paginegialle.it,Female
917,Fernandina,Arnely,farnelypg@ow.ly,Female
918,Kasey,Dallywater,kdallywaterph@constantcontact.com,Female
919,Lemmy,Carty,lcartypi@homestead.com,Male
920,Emmeline,Prestedge,eprestedgepj@hp.com,Female
921,Drusi,Phillcock,dphillcockpk@businessinsider.com,Female
922,Pauline,Foort,pfoortpl@creativecommons.org,Female
923,Agace,Dalgleish,adalgleishpm@unblog.fr,Female
924,Ludovico,Aristide,laristidepn@alexa.com,Male
925,Morrie,Troker,mtrokerpo@plala.or.jp,Male
926,Zabrina,Zellner,zzellnerpp@lycos.com,Female
927,Cliff,Meineking,cmeinekingpq@java.com,Male
928,Jard,Keri,jkeripr@mtv.com,Male
929,Morie,Kempson,mkempsonps@ebay.co.uk,Male
930,Alanson,Coushe,acoushept@xing.com,Male
931,Beret,Cadd,bcaddpu@cpanel.net,Female
932,Cherice,Rebillard,crebillardpv@trellian.com,Female
933,Megan,Wildman,mwildmanpw@google.es,Female
934,Charley,Fiddy,cfiddypx@i2i.jp,Male
935,Saundra,Hurleston,shurlestonpy@ovh.net,Female
936,Goddart,Ullett,gullettpz@ifeng.com,Male
937,Dore,Blooman,dbloomanq0@weebly.com,Male
938,Odette,Middas,omiddasq1@diigo.com,Female
939,Grenville,Fronks,gfronksq2@istockphoto.com,Male
940,Jessamine,Bilovsky,jbilovskyq3@mozilla.org,Female
941,Mariska,Mattessen,mmattessenq4@paginegialle.it,Female
942,Darb,Stannah,dstannahq5@geocities.com,Male
943,Gilbert,Mealiffe,gmealiffeq6@yolasite.com,Male
944,Jdavie,Joron,jjoronq7@baidu.com,Male
945,Yorke,Kynder,ykynderq8@cnbc.com,Male
946,Romy,Boc,rbocq9@gnu.org,Female
947,Ermin,Fairbourn,efairbournqa@nbcnews.com,Male
948,Rivi,Caple,rcapleqb@stanford.edu,Female
949,Chryste,Portman,cportmanqc@seattletimes.com,Female
950,Jarib,Twiddle,jtwiddleqd@miibeian.gov.cn,Male
951,Flo,Mongeot,fmongeotqe@xrea.com,Female
952,Ned,Mundee,nmundeeqf@ucoz.ru,Male
953,Fiona,Ebi,febiqg@netvibes.com,Female
954,Iolande,Badder,ibadderqh@eventbrite.com,Female
955,Emory,Lidyard,elidyardqi@shutterfly.com,Male
956,Hoyt,Brickhill,hbrickhillqj@privacy.gov.au,Male
957,Dorian,Scamerdine,dscamerdineqk@oakley.com,Female
958,Dallas,Crady,dcradyql@mapy.cz,Female
959,Cchaddie,Osgorby,cosgorbyqm@tamu.edu,Male
960,Gaynor,Fibbens,gfibbensqn@joomla.org,Female
961,Aaren,Bassil,abassilqo@mlb.com,Female
962,My,Haversham,mhavershamqp@nsw.gov.au,Male
963,Adan,Filan,afilanqq@smugmug.com,Male
964,Edvard,Bramwich,ebramwichqr@nps.gov,Male
965,Ernest,Bohlin,ebohlinqs@illinois.edu,Male
966,Linnea,Quantick,lquantickqt@addthis.com,Female
967,Salomon,Bateman,sbatemanqu@multiply.com,Male
968,Salvidor,Kief,skiefqv@dot.gov,Male
969,Omero,Nutter,onutterqw@oaic.gov.au,Male
970,Josias,Becks,jbecksqx@dell.com,Male
971,Nanon,Stoade,nstoadeqy@hao123.com,Female
972,Rees,Baish,rbaishqz@nps.gov,Male
973,Bernadene,Tune,btuner0@home.pl,Female
974,Kristopher,Greensides,kgreensidesr1@biglobe.ne.jp,Male
975,Sigismond,Gay,sgayr2@ibm.com,Male
976,Clemente,Sharples,csharplesr3@goo.gl,Male
977,Ayn,Verma,avermar4@addtoany.com,Female
978,Mercie,Whittet,mwhittetr5@virginia.edu,Female
979,Ilario,Mixter,imixterr6@wiley.com,Male
980,Nanci,Shurmore,nshurmorer7@arstechnica.com,Female
981,Jose,Cridlon,jcridlonr8@nifty.com,Male
982,Lamont,Petrina,lpetrinar9@t.co,Male
983,Hendrik,Killigrew,hkilligrewra@so-net.ne.jp,Male
984,Werner,Rembrant,wrembrantrb@wix.com,Male
985,Gideon,Fulford,gfulfordrc@netscape.com,Male
986,Willy,Brister,wbristerrd@com.com,Female
987,Reba,Doolan,rdoolanre@craigslist.org,Female
988,Isaac,Kropp,ikropprf@youku.com,Male
989,Wallie,Brimman,wbrimmanrg@craigslist.org,Male
990,Dulcine,Gawthrop,dgawthroprh@about.com,Female
991,Mollie,Patis,mpatisri@apache.org,Female
992,Walliw,Addionizio,waddioniziorj@yandex.ru,Female
993,Michal,Vanyashin,mvanyashinrk@biglobe.ne.jp,Female
994,Tansy,Shurmore,tshurmorerl@smh.com.au,Female
995,Vince,Schultes,vschultesrm@wikipedia.org,Male
996,Fina,Geely,fgeelyrn@acquirethisname.com,Female
997,Marysa,Skaife d'Ingerthorpe,mskaifedingerthorpero@com.com,Female
998,Gavan,Stiven,gstivenrp@ebay.co.uk,Male
999,Wit,Jayes,wjayesrq@dailymotion.com,Male
1000,Dawn,Helliker,dhellikerrr@geocities.jp,Female
